, 1 , Roberto Jr , 31999887766 , jrbs@gmail.com , 23 anos , 231.132.123-45
, 2 , Jaqueline Almeida , 31998987676 , Jaquel.luz@hotmail.com , 19 anos , 132.123.456-23
, 3 , Arthur Fernandes , 31976987684 , fernandinho@outlook.com , 18 anos , 131.123.486-44
, 4 , Livia Carla , 31997778854 , flordooutono@gmail.com , 17 anos , 132.446.378-41
, 5 , Miguel Castro , 31998765432 , castor@gmail.com , 17 anos , 123.456.789-10
, 6 , Pedro Alvez , 319923459786 , pedro.A@hotmail.com , 20 anos , 126.457.369-75
, 7 ,  Anna Clara , 31998762345 , annac@gmail.com , 23 anos , 007.330.176-80
, 8 , kimberly Viana , 31976894325 , kimviana@gmail.com , 22 anos , 070.303.761-67
, 9 , Luan Costa , 31997176899 , luangameplays@gmail.com , 15 anos , 330.176.700-41
, 10 , Robervaldo Akino , 31991776989 , robersno@outlook.com , 38 anos , 231.132.123-54
, 11 , samara luiza , 31999887766 , ochamado@gmail.com , 16 anos , 671.330.007-55
, 12 , Okuyazo Nijimura , 31996681721 , jobronmr1@gmail.com , 19 anos , 109.876.543-21
, 13 , Clovis Basilio , 31997718002 , colvis@gmail.com , 31 anos , 231.132.123-57
, 14 , Murilo Cervi , 31991772080 , mucamuricoca@gmail.com , 98 anos , 637.132.123-70
, 15 , Samanta Oliveiro , 31999887766 , samantinhatwich@gmail.com , 14 anos , 654.876.312-97
, 16, leandro leonardo, 3199999999, lel@gmail.com, 23, 123.456.789.12
